,City,Cloudiness,Country,Date,Humidity,Lat,Lng,Max_Temp,Wind_Speed
0,Nanortalik,92,GL,1554227791,93,60.14,-45.24,274.069,11.56
1,Qaanaaq,0,GL,1554227745,74,77.48,-69.36,255.119,3.76
2,Hermanus,20,ZA,1554227157,79,-34.42,19.24,291.92,4.02
3,Tasiilaq,90,GL,1554223800,85,65.61,-37.64,268.15,9.3
4,Butaritari,76,KI,1554227692,100,3.07,172.79,298.269,2.71
5,Voh,44,NC,1554227793,100,-20.95,164.69,298.369,4.36
6,Albany,75,US,1554227375,23,42.65,-73.75,282.11,9.3
7,Mataura,0,NZ,1554227405,91,-46.19,168.86,279.26,1.56
8,Jamestown,0,AU,1554227680,76,-33.21,138.6,281.369,2.26
9,Rikitea,92,PF,1554227551,100,-23.12,-134.97,297.419,7.06
10,Hobart,0,AU,1554227356,58,-42.88,147.33,287.59,3.6
11,Ahipara,56,NZ,1554227724,100,-35.17,173.16,287.519,4.51
12,Matara,75,PE,1554224400,54,-13.74,-72.9,286.15,1.06
13,Barra do Garcas,12,BR,1554227795,54,-15.89,-52.26,306.469,2.26
14,Marawi,68,PH,1554227173,83,8.0,124.29,299.26,1.79
15,Barrow,0,AR,1554227684,48,-38.31,-60.23,297.119,8.76
16,Ushuaia,20,AR,1554224400,62,-54.81,-68.31,284.15,10.3
17,Coquimbo,75,CL,1554224400,72,-29.95,-71.34,292.15,2.6
18,Grindavik,0,IS,1554227515,100,63.84,-22.43,274.09,7.2
19,Arraial do Cabo,20,BR,1554224400,45,-22.97,-42.02,301.67,2.6
20,Tuatapere,20,NZ,1554227405,91,-46.13,167.69,279.26,2.01
21,Krasnyy Kut,48,RU,1554227797,61,47.1,40.67,281.969,5.26
22,Bluff,0,AU,1554227668,69,-23.58,149.07,292.769,4.66
23,Lorengau,76,PG,1554227724,96,-2.02,147.27,301.719,4.96
24,Severo-Kurilsk,88,RU,1554227712,99,50.68,156.12,272.469,8.36
25,Coihaique,40,CL,1554224400,55,-45.58,-72.07,288.1,3.1
26,Laguna,75,MX,1554223200,14,27.52,-110.01,299.15,4.1
27,Norman Wells,75,CA,1554224400,60,65.28,-126.83,260.15,8.2
28,Kodinsk,92,RU,1554227798,90,58.6,99.18,274.119,3.46
29,Saint-Philippe,1,CA,1554227643,31,45.36,-73.48,279.24,6.7
30,Itigi,48,TZ,1554227799,89,-5.7,34.5,292.319,1.66
31,Hasaki,20,JP,1554227677,55,35.73,140.83,273.64,2.6
32,Sao Paulo de Olivenca,0,BR,1554227799,51,-3.38,-68.87,308.069,0.91
33,Male,12,UA,1554227799,60,50.74,33.7,276.569,5.11
34,Port-Cartier,20,CA,1554227603,90,50.03,-66.88,273.89,7.2
35,Trelew,0,AR,1554227648,25,-43.25,-65.31,298.219,7.21
36,Geraldton,90,CA,1554225060,60,49.72,-86.95,277.15,9.3
37,Cape Town,0,ZA,1554227591,49,-33.93,18.42,292.58,5.1
38,Paracuru,75,BR,1554226688,70,-3.41,-39.03,301.56,5.7
39,Port Alfred,48,ZA,1554227642,81,-33.59,26.89,291.48,1.79
40,Cabedelo,40,BR,1554224400,70,-6.97,-34.84,304.15,5.7
41,Chuy,32,UY,1554227557,82,-33.69,-53.46,300.319,3.31
42,Adrar,0,DZ,1554224400,15,27.87,-0.29,304.15,2.1
43,Punta Arenas,40,CL,1554226949,50,-53.16,-70.91,286.04,13.4
44,Hofn,0,IS,1554227717,100,64.25,-15.21,273.569,8.41
45,Abu Dhabi,68,AE,1554224400,69,24.47,54.37,299.2,3.6
46,Grants,1,US,1554226500,28,35.15,-107.85,286.15,3.6
47,Blackwater,40,GB,1554227786,70,51.33,-0.78,279.66,4.6
48,Dikson,32,RU,1554227666,98,73.51,80.55,268.219,11.71
49,Zhuanghe,0,CN,1554227803,100,39.7,122.97,275.119,1.21
50,Lebu,0,ET,1554227691,70,8.96,38.73,285.719,1.16
51,Tautira,75,PF,1554227546,83,-17.73,-149.15,299.99,6.7
52,Verkh-Usugli,0,RU,1554227804,37,52.7,115.17,268.569,3.01
53,Ponta do Sol,20,BR,1554227715,92,-20.63,-46.0,298.669,1.96
54,Bathsheba,20,BB,1554224400,55,13.22,-59.52,303.15,11.8
55,Whitehorse,20,CA,1554227535,68,60.72,-135.06,273.97,1.0
56,Avarua,8,CK,1554224400,83,-21.21,-159.78,299.15,6.7
57,Santa Isabel do Rio Negro,76,BR,1554227806,91,-0.41,-65.02,300.319,0.91
58,Vaini,0,IN,1554227703,82,15.34,74.49,295.119,1.61
59,Sept-Iles,20,CA,1554227305,56,50.2,-66.38,273.89,7.2
60,Salalah,20,OM,1554223800,74,17.01,54.1,300.15,3.1
61,Kodiak,20,US,1554227225,70,39.95,-94.76,280.18,4.1
62,Saint Anthony,90,US,1554227415,60,43.97,-111.68,279.77,2.6
63,Coachella,1,US,1554227666,10,33.68,-116.18,295.24,3.1
64,Mahebourg,20,MU,1554227640,78,-20.41,57.7,298.75,3.31
65,Oranjemund,0,ZA,1554227808,90,-28.55,16.43,288.419,2.86
66,Mackenzie,1,CA,1554224400,53,55.34,-123.09,273.15,1.5
67,Castro,75,CL,1554224400,67,-42.48,-73.76,288.15,3.6
68,Homer,90,US,1554227436,93,59.64,-151.54,275.95,2.11
69,Paamiut,92,GL,1554227808,87,61.99,-49.67,274.669,24.71
70,Yar-Sale,8,RU,1554227809,76,66.83,70.83,266.169,5.86
71,Fukue,20,JP,1554227670,56,35.03,136.69,277.27,8.2
72,Torbay,20,CA,1554227600,37,47.66,-52.73,276.22,13.4
73,Kavieng,48,PG,1554227810,99,-2.57,150.8,302.119,4.76
74,Bage,0,NG,1554227810,16,10.95,11.38,306.569,3.66
75,Bredasdorp,36,ZA,1554227157,79,-34.53,20.04,290.37,4.02
76,Yellowknife,20,CA,1554227247,71,62.45,-114.38,258.72,6.7
77,Kaitangata,8,NZ,1554227394,76,-46.28,169.85,279.82,1.34
78,Mehamn,75,NO,1554223800,85,71.03,27.85,273.15,3.6
79,Faanui,0,PF,1554227811,100,-16.48,-151.75,302.169,5.01
80,Nikolskoye,0,RU,1554227440,51,59.7,30.79,275.19,1.0
81,Sale,75,GB,1554227771,75,53.42,-2.32,278.59,1.5
82,Saint-Marc,68,HT,1554227812,54,19.1,-72.7,303.369,0.21
83,Cidreira,20,BR,1554227743,76,-30.17,-50.22,301.819,1.21
84,Yulara,0,AU,1554224400,23,-25.24,130.99,290.15,3.1
85,Cherskiy,92,RU,1554227667,81,68.75,161.3,271.469,3.31
86,Meulaboh,48,ID,1554227658,100,4.14,96.13,300.069,2.11
87,Saint George,0,GR,1554225600,58,39.45,22.34,286.75,2.66
88,Ribeira Grande,20,PT,1554226200,55,38.52,-28.7,289.15,6.2
89,Cockburn Town,12,TC,1554227814,100,21.46,-71.14,298.819,4.26
90,Arlit,0,NE,1554227814,23,18.74,7.39,305.069,0.71
91,Gouyave,75,GD,1554224400,78,12.16,-61.73,300.15,8.7
92,Saint-Leu,32,RE,1554227755,69,-21.15,55.28,296.93,3.1
93,Grimshaw,90,CA,1554227544,51,56.19,-117.61,273.54,3.1
94,Ancud,75,CL,1554224400,67,-41.87,-73.83,288.15,3.6
95,Kapaa,75,US,1554227303,78,22.08,-159.32,293.38,4.6
96,Turukhansk,92,RU,1554227816,91,65.8,87.96,271.769,2.21
97,Vila Velha,75,BR,1554226688,70,-3.71,-38.6,301.5,5.7
98,Shingu,12,JP,1554227816,100,33.72,135.99,281.869,7.36
99,Russell,0,AR,1554224400,39,-33.01,-68.8,302.15,3.1
100,Rawson,0,AR,1554227595,25,-43.3,-65.11,298.219,7.21
101,Hilo,40,US,1554227483,72,19.71,-155.08,293.36,2.6
102,Colares,20,PT,1554227701,77,38.8,-9.45,289.87,8.2
103,Tabou,12,CI,1554227818,95,4.42,-7.36,303.369,4.06
104,Sao Joao da Barra,40,BR,1554224400,45,-21.64,-41.05,303.15,4.76
105,Iracoubo,68,GF,1554227819,58,5.48,-53.21,303.019,3.21
106,Malanje,12,AO,1554227819,80,-9.54,16.35,296.819,0.66
107,Olinda,40,EC,1554227743,66,-2.03,-79.75,304.04,2.6
108,Dingle,44,PH,1554227740,88,11.0,122.67,297.369,4.71
109,Cayenne,75,GF,1554226200,78,4.94,-52.33,301.15,4.6
110,Nicoya,20,CR,1554224400,41,10.15,-85.45,307.15,9.8
111,Lompoc,40,US,1554227550,72,34.64,-120.46,289.94,2.31
112,Camacha,40,PT,1554226200,77,33.08,-16.33,287.58,6.2
113,Carnarvon,0,ZA,1554227705,24,-30.97,22.13,287.319,0.96
114,Ilulissat,75,GL,1554223800,69,69.22,-51.1,276.15,10.8
115,Lazaro Cardenas,90,MX,1554227714,28,28.39,-105.62,296.26,2.6
116,Krasnoye,75,RU,1554227431,81,44.87,39.46,282.62,2.0
117,Lagoa,20,PT,1554227548,77,37.14,-8.45,290.55,5.1
118,Upernavik,44,GL,1554227567,100,72.79,-56.15,263.169,8.51
119,Chokurdakh,64,RU,1554227693,65,70.62,147.9,257.069,1.31
120,Kahului,75,US,1554227627,69,20.89,-156.47,294.58,5.7
121,Los Llanos de Aridane,75,ES,1554227465,72,28.66,-17.92,288.77,6.7
122,Okhotsk,32,RU,1554227824,89,59.36,143.24,267.369,2.31
123,Monrovia,40,LR,1554228000,66,6.33,-10.8,304.15,6.7
124,Havre-Saint-Pierre,1,CA,1554224400,58,50.23,-63.6,271.15,12.3
125,Rome,20,IT,1554227524,76,41.89,12.48,286.86,4.1
126,Loa Janan,44,ID,1554227825,97,-0.58,117.09,297.069,1.11
127,Gold Coast,75,AU,1554227807,93,-28.0,153.41,292.08,4.6
128,Tuktoyaktuk,20,CA,1554224400,77,69.44,-133.03,255.15,4.1
129,San Cristobal,75,EC,1554227283,60,-0.39,-78.55,291.93,2.6
130,Airai,56,TL,1554227727,85,-8.93,125.41,293.869,0.06
131,East London,40,ZA,1554224400,93,-33.02,27.91,289.15,1.5
132,Changping,0,CN,1554227655,42,40.22,116.23,280.28,2.0
133,Itarema,56,BR,1554227827,98,-2.92,-39.92,300.719,2.46
134,Aykhal,88,RU,1554227828,83,65.95,111.51,270.569,2.96
135,Fairbanks,1,US,1554227439,86,64.84,-147.72,272.66,1.61
136,Bambous Virieux,20,MU,1554227640,78,-20.34,57.76,298.8,3.31
137,Atuona,0,PF,1554227399,100,-9.8,-139.03,300.919,5.46
138,Nha Trang,20,VN,1554226200,94,12.24,109.19,299.15,1.5
139,Kieta,92,PG,1554227829,100,-6.22,155.63,298.069,0.91
140,Alofi,68,NU,1554224400,88,-19.06,-169.92,295.15,2.6
141,Samarai,44,PG,1554227830,100,-10.62,150.67,300.169,2.46
142,Templin,0,DE,1554227637,53,53.12,13.5,286.08,4.6
143,Rancho Palos Verdes,75,US,1554227815,63,33.75,-118.37,291.3,3.81
144,Bonthe,68,SL,1554227831,87,7.53,-12.5,301.019,2.06
145,Telma,0,RU,1554226200,72,52.7,103.72,273.15,2.0
146,Snezhnogorsk,75,RU,1554226200,60,69.19,33.23,277.15,2.0
147,New Norfolk,0,AU,1554227716,58,-42.78,147.06,287.59,3.6
148,Mar del Plata,0,AR,1554227638,31,-46.43,-67.52,295.719,8.41
149,Loyga,88,RU,1554227832,89,61.08,44.61,272.369,3.16
150,Tiksi,48,RU,1554227679,75,71.64,128.87,258.119,1.06
151,Taoudenni,8,ML,1554227528,17,22.68,-3.98,305.369,4.06
152,Knyaze-Volkonskoye,8,RU,1554226200,73,48.46,135.46,267.15,2.0
153,Lunca de Jos,0,RO,1554227834,64,46.37,22.89,281.369,1.76
154,Nicolas Bravo,75,MX,1554227415,22,24.39,-104.74,293.4,2.6
155,Georgetown,20,GY,1554224400,70,6.8,-58.16,304.23,5.1
156,Pangnirtung,90,CA,1554224400,77,66.15,-65.72,256.15,4.1
157,Clyde River,90,CA,1554224400,84,70.47,-68.59,257.15,14.4
158,Kalangala,0,UG,1554227835,100,-0.32,32.29,297.119,3.11
159,Port Blair,0,IN,1554227705,100,11.67,92.75,302.369,0.86
160,Barinas,56,VE,1554227836,61,8.64,-70.23,303.119,5.21
161,Ayr,40,GB,1554227631,75,55.46,-4.63,279.61,4.06
162,Eyl,0,SO,1554227836,100,7.98,49.82,298.319,2.51
163,Hithadhoo,32,MV,1554227740,100,-0.6,73.08,302.369,3.31
164,Wuwei,8,CN,1554227837,59,37.93,102.64,270.969,1.66
165,Saint-Augustin,90,FR,1554227659,76,44.83,-0.61,285.55,5.7
166,Redlands,1,US,1554227822,39,34.06,-117.19,291.73,3.6
167,Iberia,24,PE,1554227838,57,-11.41,-69.49,306.369,1.41
168,Bjornevatn,75,NO,1554227400,86,69.67,29.98,271.66,3.6
169,Dongsheng,88,CN,1554227838,93,29.72,112.52,284.469,6.06
170,Saskylakh,80,RU,1554227839,85,71.97,114.09,268.369,1.81
171,Moose Factory,90,CA,1554224400,55,51.26,-80.61,277.15,8.7
172,Thompson,75,CA,1554224400,56,55.74,-97.86,263.15,6.7
173,Pevek,20,RU,1554227741,75,69.7,170.27,266.469,6.31
174,Mkushi,0,ZM,1554227840,50,-13.61,29.4,295.819,3.66
175,Sorland,40,NO,1554225600,80,67.67,12.69,277.6,6.7
176,Faya,20,SA,1554224400,77,18.39,42.45,290.18,6.2
177,Tamluk,75,IN,1554226200,94,22.29,87.93,301.15,3.1
178,Rusera,0,IN,1554227841,88,25.75,86.02,294.119,3.01
179,Dalnerechensk,24,RU,1554227841,43,45.93,133.72,269.969,2.06
180,Khatanga,68,RU,1554227703,92,71.98,102.47,266.319,3.01
181,Flin Flon,75,CA,1554225240,67,54.77,-101.88,265.15,8.2
182,Mirador,12,BR,1554227842,100,-6.37,-44.36,300.319,1.21
183,Atar,92,MR,1554227842,83,20.52,-13.05,294.219,4.71
184,Antigonish,1,CA,1554227825,33,45.62,-61.99,280.81,5.7
185,Dunedin,0,NZ,1554227676,83,-45.87,170.5,281.48,0.89
186,Cabo San Lucas,20,MX,1554227459,31,22.89,-109.91,300.03,2.6
187,Terra Santa,36,BR,1554227844,59,-2.1,-56.49,306.269,1.81
188,Lar,90,IR,1554224400,88,27.66,54.32,290.15,4.1
189,Minsk,0,BY,1554226200,48,53.9,27.56,277.15,2.0
190,Garissa,0,KE,1554227845,79,-0.46,39.64,299.619,4.01
191,Hervey Bay,64,AU,1554227132,88,-25.3,152.85,293.43,3.6
192,Carutapera,8,BR,1554227845,89,-1.2,-46.02,301.669,1.86
193,Chapais,90,CA,1554226200,86,49.78,-74.86,272.15,6.2
194,Quebec,75,CA,1554227595,55,46.83,-71.24,277.2,5.7
195,Massakory,0,TD,1554227846,18,13.0,15.73,305.119,3.46
196,Kavaratti,0,IN,1554227722,100,10.57,72.64,302.319,3.61
197,Nichinan,76,JP,1554227847,100,31.65,131.31,281.619,2.56
198,Ozernovskiy,88,RU,1554227847,93,51.5,156.52,270.819,4.46
199,Oistins,20,BB,1554224400,55,13.07,-59.53,303.15,11.8
200,Touros,40,BR,1554224400,59,-5.2,-35.46,305.15,4.6
201,Aksha,0,RU,1554227848,41,50.28,113.29,269.469,2.26
202,Alyangula,68,AU,1554224400,88,-13.85,136.42,300.15,1.5
203,Busselton,0,AU,1554227406,45,-33.64,115.35,287.55,9.96
204,Dubbo,0,AU,1554227849,94,-32.25,148.6,285.969,3.16
205,Lianran,0,CN,1554227390,66,24.92,102.47,284.53,4.0
206,Marzuq,0,YE,1554227849,60,14.4,46.47,291.169,1.66
207,Pisco,0,PE,1554224400,30,-13.71,-76.2,295.15,4.6
208,Auki,0,NG,1554227850,15,12.18,6.51,307.119,4.91
209,Barstow,1,US,1554226500,30,31.46,-103.39,291.91,2.1
210,Tura,92,IN,1554227730,94,25.52,90.21,290.519,0.91
211,Hambantota,8,LK,1554227850,100,6.12,81.12,300.969,3.01
212,Ouallam,0,NE,1554227851,13,14.32,2.08,310.869,3.16
213,Goderich,76,CA,1554227586,71,43.74,-81.71,280.84,6.71
214,Gillette,75,US,1554227612,60,44.29,-105.5,278.53,4.6
215,Milkovo,20,BG,1554227285,40,41.53,24.68,286.37,4.1
216,Sambava,48,MG,1554227852,100,-14.27,50.17,301.869,5.41
217,Yarmouth,75,GB,1554227760,81,50.71,-1.5,279.34,1.5
218,Yakeshi,0,CN,1554227664,32,49.28,120.73,269.369,5.21
219,Westport,40,IE,1554227524,93,53.8,-9.52,277.65,9.3
220,Gat,0,SN,1554226200,41,14.69,-16.54,305.6,9.3
221,Isiro,8,CD,1554227854,88,2.77,27.62,296.119,1.36
222,Iqaluit,90,CA,1554224400,70,63.75,-68.52,254.15,12.9
223,Soyo,20,AO,1554224400,79,-6.13,12.37,304.15,3.1
224,Avera,1,US,1554227466,50,33.19,-82.53,284.26,2.1
225,Corn Island,68,NI,1554227855,97,12.17,-83.04,300.119,6.71
226,Kushima,76,JP,1554227855,100,31.5,131.29,281.619,2.56
227,Palauig,0,PH,1554227855,100,15.44,119.9,294.869,1.56
228,Hovd,0,NO,1554227717,48,63.83,10.7,277.99,3.6
229,Komsomolskiy,88,RU,1554227701,85,67.55,63.78,268.419,5.71
230,Port Elizabeth,75,US,1554227715,46,39.31,-74.98,282.83,5.7
231,Mayumba,80,GA,1554227857,90,-3.44,10.65,301.869,2.56
232,San Patricio,88,PY,1554227723,82,-26.98,-56.83,297.719,2.51
233,Port Lincoln,48,AU,1554227857,89,-34.72,135.86,289.819,2.46
234,Kaohsiung,40,TW,1554227705,73,22.62,120.31,295.34,2.1
235,Necochea,0,AR,1554227858,61,-38.55,-58.74,296.069,9.26
236,Unidad,92,PH,1554227858,84,8.54,126.23,297.369,2.26
237,Luderitz,0,NA,1554227697,77,-26.65,15.16,289.319,4.31
238,Longhua,92,CN,1554227858,92,29.21,106.21,287.319,1.16
239,Katsuura,20,JP,1554224400,86,33.93,134.5,278.15,2.6
240,Sao Felix do Xingu,32,BR,1554227859,77,-6.64,-51.99,302.219,1.21
241,Saint-Paul,56,FR,1554227715,76,45.22,1.9,283.12,4.1
242,Bethel,1,US,1554224160,100,60.79,-161.76,270.66,3.6
243,Inta,88,RU,1554227860,81,66.04,60.13,271.869,4.01
244,Kargopol,0,RU,1554227861,79,61.51,38.95,269.569,3.36
245,Sabang,8,PH,1554227861,94,13.72,123.58,296.969,2.96
246,Tambovka,8,UA,1554227862,46,46.93,35.45,279.969,5.61
247,Sitka,68,US,1554227501,57,37.17,-99.65,287.369,6.11
248,Mantua,20,IT,1554227689,39,45.16,10.79,291.38,2.6
249,Te Anau,0,NZ,1554227862,83,-45.41,167.72,269.969,0.96
250,Kozulka,0,UA,1554226200,26,50.04,23.8,281.15,5.0
251,Ilo,0,PE,1554224400,64,-17.65,-71.34,297.15,3.1
252,Ulaangom,0,MN,1554227863,58,49.98,92.07,265.219,0.96
253,Syntul,0,RU,1554227864,85,55.0,41.3,271.819,4.66
254,Klaksvik,44,FO,1554227400,80,62.23,-6.59,275.15,11.8
255,Leningradskiy,44,RU,1554227864,83,69.38,178.42,261.819,5.46
256,Esperance,40,TT,1554227707,49,10.24,-61.45,303.94,7.7
257,Khash,24,IR,1554227865,49,28.22,61.21,288.369,1.41
258,Ocos,20,GT,1554224400,52,14.51,-92.19,306.18,2.1
259,Sao Sebastiao,0,BR,1554227865,57,-3.15,-58.36,306.219,1.56
260,Kruisfontein,12,ZA,1554227665,71,-34.0,24.73,290.069,5.71
261,Guarapari,40,BR,1554225553,58,-20.67,-40.5,301.02,7.2
262,Mareeba,75,AU,1554227717,88,-16.99,145.42,297.2,6.7
263,Vostok,88,RU,1554227547,62,46.45,135.83,267.869,1.16
264,Konongo,56,GH,1554227867,79,6.62,-1.21,300.369,3.81
265,Fortuna,20,ES,1554227859,72,38.18,-1.13,290.8,4.1
266,Udarnyy,0,RU,1554227867,69,54.34,42.86,274.069,4.26
267,Portland,90,US,1554227494,71,45.52,-122.67,285.93,1.5
268,Longyearbyen,75,NO,1554225600,84,78.22,15.63,260.15,2.1
269,Ouadda,8,CF,1554227868,31,8.07,22.4,303.869,2.56
270,Puerto Ayora,20,EC,1554227138,70,-0.74,-90.35,302.11,4.6
271,Kucura,0,RS,1554226200,41,45.52,19.58,289.15,3.1
272,Ginir,0,ET,1554227869,45,7.14,40.71,292.869,2.56
273,Padang,24,ID,1554227864,100,-0.92,100.36,302.069,2.06
274,El Alto,75,BO,1554224400,62,-16.5,-68.19,286.15,3.1
275,Longkou,0,CN,1554227870,100,37.64,120.47,276.719,1.56
276,Manokwari,48,ID,1554227870,97,-0.87,134.08,300.969,5.26
277,Kaeo,0,NZ,1554226684,93,-35.1,173.78,282.59,2.76
278,Saint-Francois,48,FR,1554227138,76,46.42,3.91,286.34,1.5
279,Araouane,0,ML,1554227871,17,18.9,-3.53,309.319,3.86
280,Semnan,0,IR,1554224400,33,35.58,53.39,288.15,2.1
281,Makakilo City,1,US,1554227764,77,21.35,-158.09,294.62,2.1
282,Zhuhai,0,CN,1554224400,30,40.71,112.04,272.15,3.0
283,Isangel,48,VU,1554227668,100,-19.55,169.27,300.119,6.91
284,Hastings,68,NZ,1554227744,100,-39.64,176.84,287.219,7.46
285,Vestmannaeyjar,0,IS,1554224400,86,63.44,-20.27,273.15,11.8
286,Balkanabat,0,TM,1554227873,86,39.51,54.36,278.669,0.76
287,Nouadhibou,20,MR,1554224400,64,20.93,-17.03,294.15,4.1
288,Hachinohe,0,JP,1554227409,83,40.47,141.48,272.59,1.34
289,Inhambane,20,MZ,1554224400,69,-23.87,35.38,298.15,3.1
290,Agadir,75,MA,1554224400,46,30.42,-9.58,302.15,4.1
291,Lasa,75,CY,1554227159,87,34.92,32.53,286.97,2.1
292,Moyale,20,ET,1554227874,48,3.52,39.05,297.169,2.26
293,Rameswaram,0,IN,1554227875,100,9.28,79.3,302.369,4.31
294,Imeni Poliny Osipenko,48,RU,1554227875,68,52.42,136.49,262.869,1.16
295,Gurjaani,0,GE,1554226200,71,41.75,45.79,280.15,14.4
296,Swift Current,20,CA,1554224400,51,50.29,-107.8,275.15,8.2
297,Plouzane,92,FR,1554227524,70,48.38,-4.62,280.29,5.1
298,Kuala Terengganu,90,MY,1554224400,100,5.33,103.14,298.15,1.0
299,Yamada,75,JP,1554227857,86,36.58,137.08,276.26,3.1
300,Nelson Bay,12,AU,1554227642,93,-32.72,152.14,288.54,2.51
301,Srednekolymsk,24,RU,1554227676,85,67.46,153.71,258.119,1.06
302,Jardim,88,BR,1554227706,78,-21.48,-56.15,301.919,2.71
303,Narsaq,75,GL,1554223800,60,60.91,-46.05,279.15,15.4
304,Port Hardy,75,CA,1554224400,61,50.7,-127.42,282.15,2.1
305,Burnie,88,AU,1554227824,91,-41.05,145.91,283.71,0.89
306,Dwarka,0,IN,1554226200,34,28.58,77.04,298.85,2.6
307,Puri,64,ID,1554227879,91,-7.54,112.45,294.819,1.36
308,Dudestii Vechi,0,RO,1554226200,30,46.05,20.48,289.19,5.1
309,Champerico,20,MX,1554223620,54,16.38,-93.6,300.15,5.7
310,Kampot,40,KH,1554226200,88,10.62,104.18,298.33,1.0
311,Saint-Joseph,0,FR,1554227756,58,43.56,6.97,287.05,2.6
312,Ostrovnoy,24,RU,1554227677,78,68.05,39.51,269.969,6.06
313,Hobyo,32,SO,1554227694,90,5.35,48.53,299.469,3.81
314,Grand Gaube,20,MU,1554227640,78,-20.01,57.66,299.04,4.51
315,Mount Gambier,44,AU,1554224400,66,-37.83,140.78,286.15,4.6
316,Karaidel,92,RU,1554227883,88,55.83,56.91,274.219,4.01
317,Shahr-e Babak,100,IR,1554227883,83,30.12,55.12,283.069,4.46
318,Benguela,12,AO,1554227884,95,-12.58,13.4,301.819,3.01
319,Santiago del Estero,56,AR,1554227884,94,-27.8,-64.26,298.569,3.61
320,Turayf,75,SA,1554224400,50,31.68,38.65,287.15,2.1
321,Chumikan,0,RU,1554227885,75,54.72,135.31,260.719,1.31
322,Albion,75,US,1554227707,82,41.69,-98.0,282.04,4.1
323,Chalmette,5,US,1554227885,29,29.94,-89.96,290.29,4.6
324,Zemio,0,CF,1554227886,70,5.02,25.13,299.569,2.11
325,Vozhega,0,RU,1554227886,76,60.47,40.21,268.819,2.86
326,Fostoria,75,US,1554226500,80,43.24,-95.16,274.63,9.8
327,Ljungby,0,SE,1554227152,38,56.83,13.94,279.86,3.6
328,Praya,20,ID,1554226200,100,-8.71,116.27,298.15,2.31
329,Klisura,40,BG,1554224400,34,42.69,24.45,285.15,8.2
330,Kirakira,88,SB,1554227888,100,-10.46,161.92,300.819,2.51
331,Havelock,90,US,1554227750,100,34.88,-76.9,282.88,8.7
332,Minab,64,IR,1554224400,61,27.15,57.07,300.56,2.11
333,Gairo,12,TZ,1554227889,85,-6.14,36.87,293.169,3.31
334,Lixourion,0,GR,1554227600,77,38.2,20.43,289.36,2.1
335,Mindelo,0,PT,1554227464,71,41.31,-8.72,288.09,8.7
336,Vila Franca do Campo,40,PT,1554227844,71,37.72,-25.43,286.5,8.7
337,Hojai,92,IN,1554227890,100,26.0,92.85,290.269,0.86
338,Batemans Bay,0,AU,1554227503,92,-35.71,150.18,284.58,1.79
339,Goma,24,CD,1554227891,96,-1.67,29.23,289.819,1.41
340,Kurduvadi,100,IN,1554227891,22,18.09,75.41,304.269,1.61
341,Constitucion,75,MX,1554227415,22,23.99,-104.67,293.33,2.6
342,Kysyl-Syr,76,RU,1554227892,81,63.9,122.77,267.219,1.21
343,Vanimo,64,PG,1554227892,100,-2.67,141.3,300.869,7.66
344,Suhut,20,TR,1554227892,61,38.53,30.55,278.819,2.26
345,Manaure,75,CO,1554224400,38,11.78,-72.45,307.15,7.2
346,Quesnel,1,CA,1554224700,69,52.98,-122.49,275.15,1.0
347,Nishihara,1,JP,1554227809,64,35.74,139.53,276.69,2.6
348,Conde,88,BR,1554227894,89,-11.81,-37.61,300.869,4.51
349,Raudeberg,20,NO,1554227704,45,61.99,5.14,279.78,4.1
350,Bilibino,0,RU,1554227894,89,68.06,166.44,267.019,1.66
351,Flinders,0,AU,1554227705,100,-34.58,150.85,286.99,1.21
352,Verkhniy Ufaley,92,RU,1554227895,96,56.06,60.23,272.919,2.91
353,Dalvik,0,SE,1554227705,33,57.79,14.13,278.67,5.7
354,Fairview,1,US,1554227645,36,40.81,-74.0,282.43,6.7
355,Huilong,92,CN,1554227897,93,28.89,110.18,282.869,3.66
356,Soteapan,90,MX,1554223320,78,18.23,-94.87,296.15,4.01
357,Saldanha,0,PT,1554227898,27,41.42,-6.55,289.969,4.31
358,Eureka,90,US,1554227707,100,40.8,-124.16,285.81,5.7
359,Sao Filipe,0,CV,1554227665,94,14.9,-24.5,295.319,6.01
360,Penalva,0,BR,1554227608,78,-3.29,-45.17,304.669,1.81
361,Roald,0,NO,1554227704,70,62.58,6.12,277.51,5.1
362,Hokitika,0,NZ,1554227899,100,-42.72,170.96,283.719,3.31
363,Ocampo,8,PH,1554227899,94,13.56,123.37,296.969,2.96
364,Nara,0,JP,1554226204,56,34.68,135.8,276.35,5.7
365,Yelizovo,40,RU,1554224400,64,53.19,158.38,276.15,3.0
366,Sefton,40,GB,1554227892,90,53.5,-2.97,278.78,5.7
367,Gwanda,12,ZW,1554227901,54,-20.94,29.0,296.219,6.81
368,Utica,1,US,1554227773,29,43.1,-75.23,282.21,6.7
369,Broken Hill,0,AU,1554224400,48,-31.97,141.45,289.15,2.1
370,Leh,32,IN,1554227902,54,34.16,77.58,251.419,0.71
371,Souillac,75,FR,1554227839,87,45.6,-0.6,283.88,6.2
372,Concordia,40,AR,1554227812,59,-31.4,-58.02,304.99,4.6
373,Aklavik,90,CA,1554226260,65,68.22,-135.01,258.63,5.1
374,Gladstone,0,AU,1554227666,73,-23.84,151.26,294.66,3.6
375,Muhos,0,FI,1554227104,51,64.81,26.0,276.14,2.6
376,Otradnoye,0,RU,1554227440,51,59.77,30.8,275.2,1.0
377,San Carlos de Bariloche,0,AR,1554224400,21,-41.13,-71.31,293.15,6.2
378,Yerofey Pavlovich,80,RU,1554227904,51,53.97,121.97,270.319,2.21
379,Baykit,88,RU,1554227904,88,61.68,96.39,271.169,2.46
380,Sterling,90,US,1554227781,39,39.0,-77.4,281.42,2.6
381,San Quintin,80,PH,1554227905,91,17.54,120.52,294.219,1.31
382,Weihai,0,CN,1554227905,90,37.5,122.11,280.069,3.81
383,Huanren,0,CN,1554227905,72,41.26,125.37,264.719,0.96
384,Tripoli,20,GR,1554227733,71,37.51,22.37,286.23,1.21
385,Palu,48,ID,1554227906,95,-0.9,119.87,291.469,0.71
386,Kribi,44,CM,1554227744,94,2.94,9.91,298.369,2.01
387,Hami,48,CN,1554227721,48,42.84,93.51,284.369,2.66
388,Nacala,0,MZ,1554227907,89,-14.56,40.69,301.019,5.91
389,Brandon,90,US,1554226500,93,43.59,-96.57,276.86,6.2
390,Pizarro,92,CO,1554227907,100,4.95,-77.37,297.469,2.51
391,Javornik,20,BA,1554226200,38,44.18,18.36,289.65,1.5
392,Vallenar,0,CL,1554227908,69,-28.58,-70.76,295.219,1.21
393,Porbandar,0,IN,1554227908,90,21.64,69.61,297.619,4.36
394,Namibe,0,AO,1554227909,96,-15.19,12.15,300.519,5.61
395,Rio Grande,20,BR,1554224400,66,-32.03,-52.1,303.15,2.1
396,Nangomba,24,TZ,1554227909,55,-10.9,38.52,299.819,3.16
397,Tunggol,0,PH,1554227910,100,5.84,121.15,299.219,1.86
398,Kindersley,40,CA,1554227891,41,51.47,-109.16,278.38,10.3
399,Fonte Boa,88,BR,1554227910,97,-2.51,-66.09,300.619,2.56
400,Ixtapa,5,MX,1554227406,69,20.71,-105.21,299.2,2.6
401,San Pedro,12,AR,1554227840,65,-33.68,-59.66,303.169,4.91
402,Port Hedland,0,AU,1554226200,94,-20.31,118.58,298.15,2.1
403,Sibu,75,MY,1554224400,94,2.29,111.83,298.15,1.0
404,Gonbad-e Qabus,0,IR,1554224400,87,37.25,55.17,286.15,2.66
405,Kiyasovo,48,RU,1554227913,94,56.35,53.12,273.619,4.51
406,Beringovskiy,80,RU,1554227805,92,63.05,179.32,269.819,6.51
407,Nokaneng,88,BW,1554227913,28,-19.66,22.19,301.469,3.01
408,Deloraine,68,CA,1554227732,54,49.18,-100.5,275.37,9.39
409,Mosquera,40,CO,1554224400,67,4.71,-74.23,290.15,3.1
410,Waddan,0,LY,1554227915,50,29.16,16.14,292.319,4.76
411,Palana,64,RU,1554227915,74,59.08,159.95,273.219,4.11
412,Lomovka,40,RU,1554226200,93,53.92,58.37,275.15,5.0
413,Wamba,24,CD,1554227916,97,2.14,27.99,293.369,0.86
414,Beloha,0,MG,1554227916,79,-25.17,45.06,295.819,3.66
415,Rovaniemi,0,FI,1554225600,72,66.5,25.72,273.15,7.2
416,Nome,1,US,1554227687,31,30.04,-94.42,291.0,2.6
417,Achacachi,80,BO,1554227917,90,-16.04,-68.68,280.469,0.96
418,Dingolfing,0,DE,1554227909,41,48.63,12.5,286.35,3.6
419,Myanaung,0,MM,1554227917,95,18.28,95.32,295.369,1.16
420,Talnakh,48,RU,1554227917,72,69.49,88.39,264.819,1.36
421,Broome,40,GB,1554227884,87,52.47,1.45,279.22,4.1
422,Bonnyville,20,CA,1554224400,39,54.27,-110.74,271.15,8.2
423,Los Andes,0,CL,1554227695,34,-32.83,-70.6,299.91,4.6
424,Eydhafushi,88,MV,1554227919,100,5.1,73.07,302.069,1.16
425,Zlitan,92,LY,1554227919,93,32.47,14.57,287.869,4.76
426,Ayan,76,TR,1554227919,46,40.67,33.6,277.319,0.76
427,Goianesia,24,BR,1554227919,66,-15.32,-49.12,302.619,1.31
428,Atikokan,56,CA,1554227920,62,48.76,-91.62,276.269,3.76
429,Acapulco,5,MX,1554223680,40,16.86,-99.88,304.15,1.0
430,Rosarito,75,CO,1554224400,100,4.91,-75.23,292.96,2.1
431,Morant Bay,20,JM,1554224400,58,17.88,-76.41,303.15,3.1
432,Roebourne,0,AU,1554227921,89,-20.77,117.15,294.969,1.36
433,ChengDe,0,CN,1554227921,57,40.97,117.93,268.519,1.61
434,Takoradi,12,GH,1554227921,94,4.89,-1.75,302.219,3.76
435,Gidole,88,ET,1554227922,40,5.65,37.37,299.469,1.06
436,Coahuayana,0,MX,1554227922,22,18.62,-100.35,302.669,1.36
437,Kandrian,56,PG,1554227922,97,-6.21,149.55,297.919,1.41
438,Sembakung,36,ID,1554227923,96,3.82,117.25,297.419,0.61
439,Ereymentau,36,KZ,1554227923,95,51.62,73.1,273.469,3.01
440,Tateyama,88,JP,1554227857,93,36.66,137.31,276.31,1.11
441,Karratha,0,AU,1554227826,89,-20.74,116.85,294.969,1.36
442,Wageningen,75,NL,1554227916,93,51.98,5.66,282.16,2.6
443,Mount Pleasant,1,US,1554227603,41,33.16,-94.97,289.59,2.1
444,Fort Nelson,90,CA,1554224400,92,58.81,-122.69,271.15,3.6
445,Ferme-Neuve,68,CA,1554227926,65,46.7,-75.45,276.519,5.41
446,Bonavista,36,CA,1554227110,45,48.65,-53.11,276.48,8.05
447,Bubaque,0,GW,1554227927,77,11.28,-15.83,304.019,5.86
448,San Jose,20,PH,1554227891,94,15.79,120.99,293.269,0.91
449,Zaragoza,20,ES,1554227417,59,41.65,-0.88,290.02,4.1
450,Codrington,75,AU,1554227510,93,-28.95,153.24,291.48,3.1
451,Beba,20,CU,1554223800,40,22.44,-79.73,304.15,2.6
452,Provideniya,8,RU,1554227929,100,64.42,-173.23,267.219,5.21
453,San Rafael,0,AR,1554227930,29,-34.61,-68.33,299.819,3.91
454,Mutoko,24,ZW,1554227930,77,-17.4,32.23,293.369,2.91
455,Nalut,76,LY,1554227930,62,31.86,10.98,289.719,2.41
456,Punta Cardon,24,VE,1554227931,55,11.61,-70.22,303.869,9.31
457,Chor,0,PK,1554227931,31,25.52,69.77,299.869,1.51
458,Korsakov,8,RU,1554224400,85,46.63,142.78,266.15,2.0
459,Fairlie,1,US,1554227884,44,33.31,-95.96,290.59,5.7
460,Hit,8,IQ,1554227932,53,33.64,42.83,288.069,1.86
461,Placido de Castro,44,BR,1554227932,62,-10.34,-67.19,305.969,1.31
462,High Wycombe,75,GB,1554227866,80,51.63,-0.75,279.47,2.6
463,Sola,0,FI,1554225600,44,62.78,29.36,277.15,2.6
464,Zeya,8,RU,1554227933,66,53.74,127.27,262.719,0.16
465,Houston,1,US,1554227915,24,29.76,-95.37,292.12,1.96
466,Sawtell,75,AU,1554227900,93,-30.38,153.1,289.09,3.6
467,Bikin,56,RU,1554227934,44,46.82,134.25,271.569,1.96
468,Lloydminster,75,CA,1554224400,73,53.28,-110.01,270.15,6.7
469,Deputatskiy,8,RU,1554227934,34,69.3,139.9,249.369,1.21
470,Rocha,44,UY,1554227724,70,-34.48,-54.34,301.019,3.21
471,Tulun,20,RU,1554227935,72,54.56,100.58,276.469,2.51
472,Winchester,20,GB,1554227889,86,51.06,-1.31,279.58,6.7
473,Louis Trichardt,56,ZA,1554227936,79,-23.04,29.91,291.919,4.01
474,Waingapu,32,ID,1554227936,100,-9.65,120.26,295.319,0.71
475,Poum,75,MK,1554226200,47,41.28,20.71,286.15,1.5
476,Mahon,75,IE,1554226200,80,51.89,-8.4,277.15,9.8
477,Regeneracao,24,BR,1554227647,79,-6.24,-42.69,303.719,2.71
478,Pitimbu,40,BR,1554224400,70,-7.47,-34.81,304.15,5.7
479,Altamira,75,BR,1554224400,59,-3.2,-52.21,306.15,2.1
480,Shambu,36,ET,1554227937,76,9.57,37.1,289.619,0.71
481,La Libertad,20,PE,1554224400,45,-16.38,-71.56,293.15,4.6
482,Arman,48,RU,1554227938,78,59.7,150.17,265.169,2.06
483,Buchanan,40,LR,1554228000,66,5.88,-10.05,304.15,6.7
484,Kutum,0,SD,1554227939,44,14.2,24.66,294.669,1.16
485,Huarmey,88,PE,1554227939,71,-10.07,-78.15,296.369,1.61
486,Zhigansk,48,RU,1554227701,77,66.77,123.37,269.869,3.36
487,Pasni,0,PK,1554227887,85,25.26,63.48,298.819,3.81
488,Farah,80,AF,1554227940,70,32.37,62.11,292.119,1.11
489,Atessa,0,IT,1554227912,72,42.07,14.45,287.82,2.1
490,Tiarei,75,PF,1554227546,83,-17.53,-149.33,299.99,6.7
491,Ullapool,76,GB,1554227815,78,57.9,-5.16,278.15,3.13
492,Newtownards,68,GB,1554227906,56,54.59,-5.69,278.89,3.6
493,Lakatoro,56,VU,1554227941,100,-16.11,167.42,298.919,2.01
494,Tecoanapa,5,MX,1554223680,40,16.99,-99.26,304.15,1.0
495,Durham,40,GB,1554227765,86,54.78,-1.58,278.03,5.1
496,Sinop,36,TR,1554227942,96,42.03,35.15,281.819,2.71
497,Jacareacanga,12,BR,1554227942,56,-6.22,-57.76,306.619,1.31
498,Ligourion,0,GR,1554227123,54,37.62,23.03,288.15,6.2
499,Bay Roberts,20,CA,1554227904,44,47.58,-53.28,276.22,10.3
500,Baracoa,24,CU,1554227943,90,20.35,-74.5,299.819,4.36
501,Christchurch,80,NZ,1554227404,93,-43.53,172.64,281.41,1.0
502,Sinnar,0,IN,1554227944,72,19.85,74.0,291.669,1.56
503,Agnibilekrou,48,CI,1554227944,95,7.13,-3.2,299.619,3.16
504,Morgan City,1,US,1554227756,36,29.7,-91.21,290.71,4.1
505,Kukmor,8,RU,1554227945,79,56.19,50.9,272.669,3.76
506,Sabla,8,NG,1554227945,16,12.75,4.71,309.219,4.56
507,Wronki,0,PL,1554227846,32,52.71,16.37,284.88,7.7
508,Cadereyta,90,MX,1554224519,71,25.58,-99.98,288.91,2.96
509,Nioro,0,GM,1554227796,25,13.79,-15.05,309.769,5.71
510,Sayhat,0,SA,1554226200,72,26.49,50.04,293.15,3.6
511,Egvekinot,56,RU,1554227705,75,66.32,-179.17,264.319,1.06
512,Solnechnyy,8,RU,1554227736,67,50.72,136.64,261.969,1.06
513,Outlook,20,CA,1554227222,66,51.48,-107.04,274.82,2.24
514,Muyezerskiy,8,RU,1554227948,74,63.93,31.65,275.269,3.61
515,Batagay-Alyta,88,RU,1554227948,75,67.8,130.41,259.719,1.21
516,Sisimiut,100,GL,1554227948,100,66.94,-53.67,271.569,1.51
517,Tawang,48,BT,1554227949,58,27.59,91.87,274.919,0.51
518,Nouakchott,20,MR,1554224400,88,18.08,-15.98,293.15,10.8
519,Aleksandrov Gay,92,RU,1554227949,93,50.14,48.57,275.819,8.06
520,Corigliano Calabro,56,IT,1554227713,93,39.6,16.52,287.59,2.06
521,Kattivakkam,20,IN,1554226434,83,13.22,80.32,302.09,3.1
522,Port Augusta,0,AU,1554224400,44,-32.49,137.76,287.15,3.1
523,Barranca,12,PE,1554227950,92,-10.75,-77.76,293.619,3.21
524,Vardo,1,US,1554227945,16,39.62,-77.74,281.21,2.6
525,Kununurra,20,AU,1554226200,60,-15.77,128.74,293.15,2.1
526,Del Rio,1,US,1554227580,42,29.36,-100.9,291.04,8.7
527,Oxford,40,US,1554227644,38,33.61,-85.83,288.57,2.6
528,Belaya Gora,48,RU,1554227952,62,68.54,146.19,255.719,1.56
529,Shangrao,92,CN,1554227952,100,28.45,117.97,285.119,1.31
530,Buin,0,CL,1554227868,32,-33.73,-70.74,298.49,2.6
531,Yumen,8,CN,1554227953,59,40.29,97.04,274.269,1.66
532,Claremore,1,US,1554227758,36,36.31,-95.62,291.45,5.1
533,Sayula,5,MX,1554223740,28,19.88,-103.6,300.15,1.36
534,Walvis Bay,0,NA,1554224531,52,-22.95,14.51,291.24,3.6
535,Moerai,36,PF,1554227954,93,-22.43,-151.33,300.169,6.56
536,Scarborough,80,GB,1554227644,75,54.28,-0.41,278.59,1.0
537,Ponnani,40,IN,1554226200,74,10.77,75.93,302.15,1.11
538,Izumo,75,JP,1554224400,80,35.37,132.75,275.15,1.5
539,La Primavera,0,AR,1554224400,39,-32.92,-68.67,302.15,3.1
540,Camopi,48,GF,1554227955,50,3.17,-52.33,306.019,2.01
541,Uvalde,1,US,1554227592,34,29.21,-99.79,291.75,4.1
542,Chamba,0,IN,1554227874,56,32.56,76.12,281.119,0.91
543,Winnemucca,90,US,1554227760,87,40.97,-117.74,281.3,3.1
544,Drumnadrochit,40,GB,1554227815,75,57.34,-4.48,278.66,6.2
545,Bosilegrad,64,RS,1554227957,64,42.5,22.47,282.369,0.76
546,Sechura,0,PE,1554227724,73,-5.56,-80.82,299.819,4.46
547,Bireun,48,ID,1554227958,100,5.2,96.7,300.619,2.56
548,Oakdale,32,US,1554227942,63,44.96,-92.97,281.58,8.7
549,Bud,0,NO,1554227400,48,62.91,6.91,277.26,3.6
550,Belmonte,0,PT,1554227181,67,40.36,-7.35,288.71,3.13
551,Rangpur,48,BD,1554227959,98,25.76,89.24,291.019,1.51
552,Mandalgovi,0,MN,1554227960,61,45.76,106.27,271.619,2.11
553,Blois,0,FR,1554227955,93,47.59,1.33,281.33,2.6
554,Hampton,1,US,1554227831,56,42.74,-93.2,278.39,7.2
555,Teahupoo,75,PF,1554227546,83,-17.83,-149.27,299.99,6.7
